Individual,NpxPos,NpxTot,AreaPos,AreaTot,Bgal_RawIntDen,NumNucl,bgMF,CTFnucl,CTFpix,CTFarea
1,751718,10131968,225430.28928437748,3038443.242359576,79031472,1232,15,54996.51136363636,6.687318988769013,22.29949091907096
