	File	NpxPos	NpxTot	AreaPos	AreaTot	Bgal_RawIntDen	NumNucl	bgMF	CTFnucl	CTFpix	CTFarea
0	20250905_Plate_seeded_20250902_BGal-02-Scene-12-P4-E06	5065984	378581515	1519222.41696275	113531650.36362524	378581515	616	15	491220.3814935065	0.799277679999775	2.6652634224099003
1	Untitled.ome	5065984	378581515	1519220.8253968256	113531531.42573698	378581515	616	15	491220.3814935065	0.799277679999775	2.665266214592822
