File	NpxPos	NpxTot	AreaPos	AreaTot	Bgal_RawIntDen
20250905_Plate_seeded_20250902_BGal-02-Scene-12-P4-E06	5065984	378581515	1519222.41696275	113531650.36362523	378581515
Untitled.ome	5065984	378581515	1519220.8253968256	113531531.42573698	378581515
