Individual,NpxPos,NpxTot,AreaPos,AreaTot,Bgal_RawIntDen,NumNucl,bgMF,CTFnucl,CTFpix,CTFarea
1,10131968,757163030,3038443.242359576,227063181.78936222,757163030,1232,15,491220.3814935065,0.799277679999775,2.665266214592822
