	File	NpxPos	NpxTot	AreaPos	AreaTot	Bgal_RawIntDen	NumNucl	bgMF	CTFnucl	CTFpix	CTFarea
0	20250905_Plate_seeded_20250902_BGal-02-Scene-12-P4-E06	375859	5065984	112715.20368347042	1519222.41696275	39515736	616	15	54996.51136363636	6.687318988769013	22.299467557705643
1	Untitled.ome	375859	5065984	112715.08560090704	1519220.8253968256	39515736	616	15	54996.51136363636	6.687318988769013	22.29949091907096
